{"loss": [0.24449968255228466, 0.270825043384336, 0.2830409066289918], "auc": [0.6469395933387287, 0.6187624512251558, 0.6584246858484389]}