{"loss": [0.21377783141329756, 0.2168096256816489, 0.20871579449655664], "auc": [0.7627815523527252, 0.7561818361398127, 0.7860970583496002]}