{"loss": [0.23864031910896302, 0.23062628388404846, 0.22994664430618286, 0.2306562328338623, 0.2298881655931473, 0.2300413066148758, 0.2271949005126953, 0.22732532858848573, 0.2268559855222702, 0.2286101460456848, 0.2277119505405426, 0.2231328821182251, 0.2258497780561447, 0.22381279706954957, 0.22486170649528503], "auc": [0.6316014375618441, 0.6374024172808433, 0.6358379294933353, 0.627627737306307, 0.6479940920709072, 0.6261496366981968, 0.6404403630278475, 0.6275503305853172, 0.6567231025993814, 0.637249373720788, 0.6784727087445349, 0.6852093137949754, 0.6740581653887879, 0.674093482250138, 0.6698118449702141]}