{"loss": [0.23445359667350057, 0.23317566498428208, 0.2358564533386769, 0.23458727202904275, 0.23729274337760575, 0.23884856093004658, 0.23916212877718473, 0.255926131485147, 0.27461792774903726, 0.2889104366427186, 0.3106810222983859, 0.2832475114130575, 0.3011431681561171, 0.3273314631010199, 0.37885810091904515], "auc": [0.6334433719467846, 0.6554073763681516, 0.657209612588629, 0.6685799605439253, 0.6788203914390926, 0.6683518688399153, 0.6749805951811066, 0.6617259214159648, 0.6522872132070358, 0.6541255987685429, 0.6464222148548926, 0.657154664560145, 0.6574699254554515, 0.6408006724217584, 0.6321697128671013]}