{"loss": [0.24570762945546043, 0.2707274223749454, 0.28368148392337], "auc": [0.6506647036837069, 0.6194551285631874, 0.6444011695374368]}