{"loss": [0.23172821222789705, 0.22702275382147896, 0.2242213035859759, 0.22417857864546398, 0.22330961459212834, 0.2214880290012511, 0.2226507630613115, 0.22102612493530152, 0.22047606157878089, 0.21943196204919663, 0.2190402831350054, 0.21861770796397376, 0.21910859502497174, 0.21930439131600515, 0.21704035429727464], "auc": [0.6598009969291321, 0.6988081359349113, 0.7095866790567951, 0.7070577753232504, 0.7025934627031478, 0.7228982391361269, 0.7084338866638007, 0.7182622263357298, 0.7242511212474511, 0.7340470472783888, 0.7323023325062199, 0.741935141821124, 0.7381456340147469, 0.7305641385405751, 0.7370230383534917]}