{"loss": [0.2446877958300786, 0.2749139201692027, 0.2808963544348366], "auc": [0.6547558845445425, 0.6049221386083035, 0.6510811278841054]}