{"loss": [0.2591951096057892, 0.23227507054805754, 0.23095504581928253, 0.23127803206443787], "auc": [0.6445031848517611, 0.7001542953712886, 0.7043196517087181, 0.7138279108619049]}