{"loss": [0.22587231725948975, 0.22252440338189178, 0.22833213890241885, 0.22108389276439225, 0.2205177726092675, 0.2235486320069222, 0.220745953534154, 0.22654443416605352, 0.2304110804039413, 0.24126564207413384, 0.23898274813202902, 0.23699954813694063, 0.24595055008824931, 0.2594813578356351, 0.2854700774820019], "auc": [0.6549093742574038, 0.6713427332664924, 0.6629472644964771, 0.6699379382429955, 0.6898791611868379, 0.6964409129577679, 0.6929194039550413, 0.6939773392116148, 0.6746020085765314, 0.687220131290935, 0.6736995948411906, 0.687981214811946, 0.6778266219015154, 0.6742873910065581, 0.6675972994132515]}