{"loss": [0.21955623962576426, 0.21678328987151857, 0.21540809292641896, 0.21558445644757104, 0.21606509080008854, 0.2168466950219775, 0.2149780522736292, 0.2154075155655543, 0.21471235841985734, 0.21393264380712357, 0.21360990310472155, 0.21269661542915164, 0.2133738805377294, 0.21380057859988438, 0.21178396306340658], "auc": [0.6660272697717994, 0.6696749864197186, 0.6683183188047747, 0.6627044554536053, 0.6552313636941834, 0.6627990268554897, 0.6703049950026657, 0.6790743327140603, 0.6811100705312146, 0.6795607740245319, 0.6935446222519731, 0.7003409280737344, 0.6882639499843134, 0.6867469836760075, 0.6947334924587129]}