{"loss": [0.2402413022518158, 0.22919995486736297, 0.23107146441936494, 0.22883016645908355, 0.2269637417793274, 0.22388887763023377, 0.2256957232952118, 0.2244731193780899, 0.22626490533351898, 0.22334037303924562, 0.22087400794029236, 0.22301991641521454, 0.2231235158443451, 0.22364982426166535, 0.22147073805332185], "auc": [0.5715888332890299, 0.6254827119259946, 0.6218004082659223, 0.6529580695386875, 0.6469563436756248, 0.6803241386534282, 0.6639439507605573, 0.6791862884588741, 0.6616638343548665, 0.6733033737276183, 0.6852146708573202, 0.6754927308498145, 0.6826135843296538, 0.6646504690182219, 0.6918834082014303]}