{"loss": [0.22597004526205142, 0.22140441236386238, 0.22288978106057794], "auc": [0.7085890362700786, 0.7287199813239796, 0.7377770184825502]}