{"loss": [0.24610020914393613, 0.27222088176725256, 0.28067115184843033], "auc": [0.6453595844770886, 0.6167079093226143, 0.6497553506083498]}