{"loss": [0.221775095183325, 0.22113153258052604, 0.22270905347038603, 0.22549327240321645, 0.22655064362213326, 0.23568119513666977, 0.22697143312311766, 0.24274482812995238, 0.2501423182700185, 0.26090313135588317, 0.27703417336792374, 0.2684717462146925, 0.2693654137404628, 0.270141026723929, 0.27312716161561706], "auc": [0.6668309980714403, 0.6832367161615358, 0.6911863990399877, 0.6809473383735541, 0.6850349363473992, 0.6704201720203498, 0.700942502510397, 0.6975290277274867, 0.689571782593762, 0.694096016704695, 0.6919208489412136, 0.6950934022274369, 0.6925584440977081, 0.6933680315637558, 0.6913287558612854]}