{"loss": [0.2433879429101944, 0.23239334166049957, 0.22978776693344116, 0.2276281189918518, 0.2253016459941864, 0.22478743612766267, 0.22181618094444275, 0.2211213731765747, 0.22033677816390992, 0.22014708340168, 0.21864879071712495, 0.21869596779346467, 0.21808415830135344, 0.21965351223945617, 0.21761131823062896], "auc": [0.6273585018918089, 0.6544331954382957, 0.6533112808261059, 0.6810430917411148, 0.6861680209701732, 0.7046016830339916, 0.7238627916560095, 0.7268424390115015, 0.7218338308952355, 0.715139304047735, 0.731488234014974, 0.7466398569079394, 0.7488447170573418, 0.7434098814126817, 0.74561458879524]}