{"loss": [0.2362874285571246, 0.23237487651937677, 0.2468548143383848, 0.25416733424284466, 0.23652512165542428, 0.2650387630053644, 0.23729788889196626, 0.2451785127612836], "auc": [0.6598670383700784, 0.676814332714901, 0.6367519316406661, 0.6292231205541255, 0.6637115330302396, 0.5867192524638659, 0.6773074312286101, 0.626601568237377]}