{"loss": [0.22298230201005936, 0.21660937130451202, 0.21425833612680434, 0.2150063169002533, 0.2138243532180786, 0.21281072437763215, 0.21286963641643525, 0.21156734794378282, 0.21101148396730424, 0.21041917771100999, 0.20990747094154358, 0.20973265409469605, 0.20951792746782302, 0.2076935800909996, 0.20680183053016662], "auc": [0.6223798719905825, 0.6340513720732023, 0.6495814339246754, 0.6460060341381222, 0.6562416994007884, 0.6642415169962388, 0.6583605638474016, 0.6757376651074956, 0.6705282760841337, 0.6819495224735621, 0.6738739810281089, 0.6802696237029695, 0.6983225185483884, 0.6981809271854549, 0.700676727763924]}