{"loss": [0.22694002856046724, 0.22150839865207672, 0.2297864064701602, 0.23707642145136482, 0.21982248057412285, 0.22971581412940964, 0.21927243050856468], "auc": [0.6930290461987298, 0.72214413518269, 0.7084602124122287, 0.7034461555779151, 0.7387399726533967, 0.7050494544366877, 0.7465629795404995]}