{"loss": [0.22774000644683837, 0.22446344405412674, 0.22278517007827758, 0.22314952850341796, 0.22050722777843476, 0.22170713812112808, 0.22015716761350632, 0.21860292106866835, 0.2213197445869446, 0.2217427372932434, 0.22175443768501282, 0.22372934013605117, 0.22466871738433838, 0.22397289395332337, 0.23122355908155443], "auc": [0.631137580886031, 0.6520986496234109, 0.664234510092957, 0.6759455313414335, 0.6860728895786964, 0.6984557139739481, 0.706059904577526, 0.705017890689767, 0.7207204426694491, 0.7074618464630376, 0.7222487400321248, 0.7110519319097737, 0.7184618663633469, 0.7279978313869145, 0.7145140705853378]}