{"loss": [0.24460540202438322, 0.26894293305201405, 0.2771353068260046], "auc": [0.6527681591120368, 0.6079875343350652, 0.6589433449648933]}