{"loss": [0.22998277008533477, 0.22222108364105225, 0.22045179337263107, 0.21917923748493195, 0.2220417892932892, 0.22008574277162551, 0.22171199053525925, 0.22191157579421997, 0.2227773854136467, 0.22369204610586166, 0.22569601386785507, 0.22592970728874207, 0.22862550050020217, 0.23126054048538208, 0.2387266343832016], "auc": [0.6501987562020217, 0.6437116106466341, 0.6552606146118721, 0.6839676617903074, 0.6926099299387086, 0.691348880644277, 0.6917588423733214, 0.6991647993201134, 0.708445073879045, 0.7127191412863476, 0.7138840479856078, 0.7074836235246598, 0.7128112159272914, 0.7110523606935357, 0.7142007397101574]}