{"loss": [0.21694146394729613, 0.20631281673908233, 0.20700705647468567, 0.20499784588813783, 0.20336718916893004, 0.2038598608970642, 0.20161108076572418, 0.20111095726490022, 0.20337323486804962, 0.2019749754667282, 0.20116650879383088, 0.19999149680137634, 0.20155313730239868, 0.20132167279720306, 0.20156099617481232], "auc": [0.6695022882564443, 0.7121386096807957, 0.7009514556910929, 0.709215779276136, 0.7265202331645507, 0.7266080532870357, 0.7443800555620419, 0.7508580957667961, 0.748235452691066, 0.7515119550050938, 0.7476823050044471, 0.7552215519564648, 0.7454532202197843, 0.7470793770943, 0.7351146970094983]}