{"loss": [0.22054924228503, 0.22083073947192228, 0.22898173424960172, 0.2340768537951703, 0.22288354674810196, 0.2253592553475091, 0.22774985210034857, 0.22447982115122292, 0.24020964401886177, 0.23656889957016433, 0.2484462206789072, 0.23178981522801506, 0.24021238793475994, 0.24219163151697498, 0.2417758044736514], "auc": [0.6727390090285829, 0.6791158382139376, 0.6665201040000946, 0.6594891663721528, 0.6839657625145573, 0.6705353294192442, 0.7015682360187665, 0.6638329013520514, 0.6825468232982635, 0.6853476689986624, 0.6832612462148844, 0.6733352518839439, 0.6785310852954777, 0.6767109741670322, 0.6738335430527228]}