{"loss": [0.22590171497868725, 0.22049481583287917, 0.22046253396325322], "auc": [0.6911253699169879, 0.7049245780047362, 0.7165982579039479]}