{"loss": [0.2359595527272344, 0.2336675375699997, 0.23383275590930525, 0.2413489349716378, 0.23357088620692618, 0.237226320298147, 0.23453664891889406, 0.2429291258047814, 0.2500222101495855, 0.25816708466497923, 0.2654036787887996, 0.24831378815313762, 0.26853497625644235, 0.2850534384096018, 0.3118499375287459], "auc": [0.6340722552567954, 0.6584728404339643, 0.657372640857446, 0.6552747332992045, 0.6811944862066177, 0.6738298751563039, 0.6798706597683938, 0.6662391984396785, 0.6583895602565131, 0.6552740753141763, 0.6479401158479374, 0.6591642964245338, 0.6635644467741517, 0.6463427025012926, 0.6360736445388568]}