{"loss": [0.2186709960724445, 0.21715365965315636, 0.21586489601338163], "auc": [0.7182794295938302, 0.7290706312148567, 0.7359689933788442]}