{"loss": [0.24764773192314002, 0.27044141037851316, 0.2840684795608887], "auc": [0.6509237813756913, 0.613870856839979, 0.6610489257189156]}