{"loss": [0.22467735065863684, 0.22035106723634607, 0.22196583029551384, 0.2220282500498315, 0.22186687327602989, 0.23067526124481463, 0.22400933096551487, 0.2358914958870309, 0.24681000946423945, 0.25421340024878836, 0.27171980411323726, 0.25673864176894867, 0.27249805762981755, 0.293249380766836, 0.3180937294521902], "auc": [0.7039166294423631, 0.72436218310742, 0.7259546612646715, 0.7333304276158495, 0.7312400989302057, 0.7296585307306865, 0.7524848168546584, 0.743064662347639, 0.7266231881264232, 0.7385849988950898, 0.7313429828555124, 0.726401494736294, 0.7311580076083461, 0.7225300464059329, 0.7232253020571796]}