{"loss": [0.242298008606827, 0.23027167429377743, 0.22890173846444942, 0.22875486812065704, 0.22556478700877766, 0.22666078467695822, 0.22620575895784242, 0.22460497430739107, 0.22518554929747572, 0.2233354970015091, 0.22429586812949537, 0.22397841002624602, 0.22175181390641843, 0.22337141888299897, 0.21881696084071534], "auc": [0.6207664298890023, 0.6435889315677927, 0.665780850999328, 0.6648257659486576, 0.6740991338281214, 0.6690626260840057, 0.6705714391792454, 0.6761048091095028, 0.6821098678302524, 0.6833239383945623, 0.6801960112917809, 0.6850290572730028, 0.6916154168178422, 0.6929970956325847, 0.7113980284775646]}