{"loss": [0.22392214406805344, 0.22121108870908437, 0.21831444148198667], "auc": [0.6929859334244544, 0.7120820940401086, 0.7256881089521318]}