{"loss": [0.2525262242555618, 0.22648977994918823, 0.2277589273452759, 0.22994559466838838], "auc": [0.6021239206094664, 0.6543643869691773, 0.6703964916256846, 0.6704237571698456]}