{"loss": [0.2272800320923079, 0.22511713998587063, 0.2225028445406439], "auc": [0.6843162502638248, 0.7178865973244385, 0.7242012851374843]}