{"loss": [0.21854167632640353, 0.21666512886683145, 0.21520451326218862, 0.21577588267742642, 0.21523740071625935, 0.21628962741011665, 0.2149487274979788, 0.21449792952764601, 0.21446131690154, 0.21343708724256547, 0.21309721209700144, 0.2129026230365511, 0.21251506228295583, 0.21350173770435274, 0.2114708408240288], "auc": [0.6735403992648993, 0.6691788881779677, 0.6741128638425988, 0.6584285382444973, 0.6618679547398855, 0.6630240260344824, 0.6678715037581636, 0.6809848777518605, 0.6806981788704601, 0.6814980041873151, 0.6942901387193982, 0.696116847024823, 0.6894351437660038, 0.6826260311060308, 0.6938265052701044]}