{"loss": [0.22589416072458404, 0.2213024836828519, 0.22245517946686205], "auc": [0.7071946655060477, 0.7275462870372965, 0.7391838764838029]}