{"loss": [0.2266573017835617, 0.22150176495313645, 0.220570105612278, 0.22038718909025193, 0.21880931466817855, 0.21830766767263413, 0.2167101415991783, 0.21669612526893617, 0.21623172789812087, 0.21629230588674545, 0.2151477062702179, 0.21471924483776092, 0.2189154514670372, 0.21844575732946395, 0.22193782806396484], "auc": [0.6881867993290103, 0.7234059230856218, 0.7266694983934314, 0.730186454277708, 0.7323278322850391, 0.7356562085660306, 0.7382739294167376, 0.7437809825485399, 0.754167721985209, 0.7365857105606566, 0.725840903440624, 0.7285058588108612, 0.7239517796609548, 0.7322136159797765, 0.7306047449907964]}