{"loss": [0.22560879090391253, 0.2243535830272184, 0.22628606364316464, 0.22649552323758848, 0.22269553317073965, 0.22747202829701277, 0.22965992016416367, 0.23736502446574295, 0.25264212588056983, 0.266799213975297, 0.27590247234368226, 0.2610347329704593, 0.27902386402440765, 0.3018974697688803, 0.33267353549290496], "auc": [0.6570787024122487, 0.6660003836531406, 0.6708254780089814, 0.6767799157069861, 0.6907437154230092, 0.6943940180270612, 0.690727521680811, 0.6935212284522433, 0.6828030951414338, 0.6845416033894612, 0.6794830336075789, 0.68867603160286, 0.6858001497961906, 0.6738506709204994, 0.6632957957125173]}