{"loss": [0.21715018153190613, 0.20655693531036376, 0.20572873890399934, 0.20193103432655335, 0.20642169892787934, 0.204774209856987, 0.2046222347021103, 0.20225667536258699, 0.20411095798015594, 0.20020378947257997, 0.20095324635505676, 0.2010931622982025, 0.19910650372505187, 0.2004207569360733, 0.20035591423511506], "auc": [0.647470173232845, 0.6848249146768325, 0.7277340030335042, 0.7387577433926904, 0.7304418867653463, 0.7298805144966287, 0.7320643926274042, 0.7454174594398989, 0.7348399911094152, 0.7538259733135518, 0.7505315123592396, 0.7639503091244628, 0.7647154423272409, 0.760256483759848, 0.7560638566784958]}