{"loss": [0.2264679864048958, 0.21665135264396668, 0.21750423461198806, 0.2171045145392418, 0.21557900071144104, 0.21508357495069505, 0.2134794682264328, 0.21274224817752838, 0.21225802958011628, 0.21329415589571, 0.210248464345932, 0.21068865537643433, 0.21093181401491165, 0.20890068024396896, 0.20845130443572998], "auc": [0.6398072519278618, 0.6339984637044703, 0.6276673850107402, 0.6379586797842767, 0.6529250248502395, 0.6537213309108821, 0.6652512816214099, 0.664349593566191, 0.669864669695213, 0.6433095045521253, 0.6758395799792573, 0.6771421963398877, 0.678371366623223, 0.703856631963331, 0.7070814472897676]}