{"loss": [0.24467522625485036, 0.2706813068471403, 0.28063919280584043], "auc": [0.6520626505506232, 0.6212848049629862, 0.6582606512852219]}