{"loss": [0.21738790244606027, 0.21364104760138325, 0.21059856418504755], "auc": [0.6705938901176035, 0.7080385730882941, 0.7083056449037274]}