{"loss": [0.24655032673707375, 0.27326622860044497, 0.28373469654311484], "auc": [0.6494715776706437, 0.6196303311686944, 0.6637454256382586]}