{"loss": [0.22799623519182205, 0.2235324814915657, 0.22180610552430152, 0.2220398825407028, 0.22147632509469986, 0.22177952378988267, 0.21961494237184526, 0.22169309884309768, 0.22016018718481065, 0.2213357412815094, 0.22313350409269334, 0.22152926921844482, 0.22716527611017226, 0.22686219334602356, 0.23302621275186539], "auc": [0.6245935861829629, 0.6496806540061665, 0.6576554558917734, 0.6706930918891938, 0.68260589707979, 0.6803384462495815, 0.6948332724733893, 0.682935526497729, 0.7136114888395403, 0.7039389380041607, 0.6983808576045953, 0.7139478852191999, 0.7050134603577527, 0.7035953705435213, 0.7060276871778133]}