{"loss": [0.24041625440120698, 0.23431124091148375, 0.2317250508069992, 0.22942448019981385, 0.23201353669166566, 0.23123116314411163, 0.22752078175544738, 0.2287830024957657, 0.23087094187736512, 0.22592508494853974, 0.22619270145893097, 0.22775627672672272, 0.22818206012248993, 0.22544980943202972, 0.22580750286579132], "auc": [0.6025638644844771, 0.5757303445792249, 0.6226909283407065, 0.6425345816886616, 0.6313105132839051, 0.6201186680832422, 0.6181724979061846, 0.6296835107403499, 0.590364420601719, 0.6471342831992108, 0.6575490183380986, 0.6348976388921613, 0.6361397488217811, 0.643304719100813, 0.6696273889882388]}