{"loss": [0.21620366513729095, 0.2051249450445175, 0.20705295383930206, 0.20558659136295318, 0.20427984535694121, 0.20205052256584166, 0.20147969186306, 0.20143526673316955, 0.2035938948392868, 0.20018290281295775, 0.20071904003620147, 0.20005664169788362, 0.19966217517852783, 0.20050066113471984, 0.1999230569601059], "auc": [0.6804106882766823, 0.717886481494132, 0.6937700433634413, 0.724021359356017, 0.7329422102018376, 0.7286265116679503, 0.7560054851164029, 0.732072413016884, 0.7401359273390042, 0.744768244319057, 0.7482007368488743, 0.754192870611323, 0.7529134230311482, 0.7519315385092755, 0.7488982277298548]}