{"loss": [0.23244664752220054, 0.23063185930730828, 0.2355904841279409, 0.2379902293045358, 0.23485033540242167, 0.24765027233635087, 0.2418585679976337, 0.25724092182744457, 0.2732267175692631, 0.28283481093415297, 0.2987540421416482, 0.2868966153527359, 0.2871455020873422, 0.2924535715556049, 0.29654779048808605], "auc": [0.6473458325763769, 0.667289297042223, 0.6685965134066343, 0.673475401988302, 0.6864577975582704, 0.681340035127507, 0.6910903508326548, 0.6803186371857278, 0.670877489455689, 0.6687486773582519, 0.6669761567272148, 0.6699346578323541, 0.6692920887693401, 0.6654942480853947, 0.6631872331807689]}