{"loss": [0.2364996302127838, 0.2049873375892639, 0.2031901568174362, 0.20289874017238618], "auc": [0.652381543496805, 0.6993142573532022, 0.7164308432838185, 0.7228781064481669]}