{"loss": [0.23580441534519195, 0.2306217235326767, 0.22763439476490022, 0.22749885261058808, 0.22674088358879088, 0.2247748041152954, 0.22613556683063507, 0.22323818504810333, 0.2240959197282791, 0.22553230524063111, 0.22074261128902437, 0.2241765934228897, 0.2223631352186203, 0.2227127707004547, 0.22244591116905213], "auc": [0.5755393942893593, 0.623466579945283, 0.6418321194794832, 0.6089836521403316, 0.6281643581936104, 0.6462629220507401, 0.6418631165054934, 0.651110475056697, 0.6540557276499538, 0.642229482704437, 0.7044311489666304, 0.6684746060921165, 0.6713931159163733, 0.660277436863764, 0.673555188065497]}