{"loss": [0.2359139594435692, 0.23144812256097794, 0.22968135505914689, 0.22791342735290526, 0.22734128773212434, 0.2267242181301117, 0.2261984607577324, 0.22745825171470643, 0.22567517638206483, 0.22802983105182648, 0.2293606600165367, 0.23057838439941405, 0.23006632030010224, 0.23292166471481324, 0.23981655538082122], "auc": [0.630738112229359, 0.6513505030611585, 0.6686861428052386, 0.6771055669135136, 0.6848970102270309, 0.6971881299569507, 0.7088343447800299, 0.7088279681437136, 0.7226035164018786, 0.7093933616528959, 0.7213339700187354, 0.7150862158228342, 0.7217777709116435, 0.7241641113030624, 0.7120529694295404]}