{"loss": [0.22574338104043687, 0.22213718839108, 0.22105190418069326, 0.222411163033001, 0.22172109877306317, 0.22111884823867253, 0.2199526388966848, 0.2204718372178456, 0.21890806867962792, 0.2190197997149967, 0.21752725376023185, 0.217104513966848, 0.21655985405520786, 0.21609117918544346, 0.21462732009471408], "auc": [0.6672605853250945, 0.6945584980507522, 0.7151921550115677, 0.6976418367716349, 0.7058073852305841, 0.7088025267846823, 0.7174207788182742, 0.7149566743594983, 0.7219689732330882, 0.7258013951644795, 0.7309653066976477, 0.7338701796705325, 0.7332346019624058, 0.7350841047249843, 0.7459343725169425]}