{"loss": [0.2369667422771454, 0.23058475762605668, 0.22797270685434343, 0.22815458059310914, 0.22785817444324494, 0.2254888543486595, 0.22433720499277116, 0.22577641487121583, 0.22427395433187486, 0.2260039356350899, 0.22831698775291442, 0.22812365651130675, 0.22977208852767944, 0.23171334892511367, 0.23717209458351135], "auc": [0.6243268030966475, 0.6626420499265446, 0.6886713176390644, 0.6833126368969124, 0.6938163831861808, 0.7020849210085772, 0.7126212351381971, 0.7126476064554582, 0.7196066549735244, 0.7197826267342172, 0.7264062275813824, 0.7309036379673736, 0.7279019513662909, 0.7229827877936323, 0.7170432093142959]}