{"loss": [0.2128424084186554, 0.2089339905977249, 0.2047944676876068, 0.20583439826965333, 0.20488485991954802, 0.20379567980766297, 0.20081174671649932, 0.2034618490934372, 0.20355958938598634, 0.20162437617778778, 0.20196058094501496, 0.20217847406864167, 0.20024389564990996, 0.20122971653938293, 0.19906698822975158], "auc": [0.6812085687582723, 0.7003279744820539, 0.709056929873851, 0.727354633342373, 0.718215749712921, 0.7300003838380282, 0.7462038390759507, 0.7477895868173955, 0.747923971776843, 0.7523607448670074, 0.7496921608573989, 0.7451170371601734, 0.7430971623231861, 0.7459671133072833, 0.7479429434919698]}