{"loss": [0.22419585389459235, 0.2202198152613436, 0.22377806704523218, 0.22302411171870354, 0.22166367830374303, 0.2320620738542997, 0.22551381950959182, 0.23720026799501517, 0.2477790555383405, 0.25602558261563635, 0.26884070344460315, 0.2576238491341599, 0.2571906439768962, 0.26154591015770906, 0.2651132704355778], "auc": [0.7069214769780091, 0.722023878006236, 0.7288709441786156, 0.7386078114669707, 0.7375206896249131, 0.7275596910492901, 0.7472325241430435, 0.7403389517571263, 0.7305731478803049, 0.7338773624335021, 0.7299310359602464, 0.7280536874830658, 0.7284264776022847, 0.7265119216223554, 0.7249650066482506]}