{"loss": [0.21779224939168768, 0.22093756728349848, 0.22105698233589213], "auc": [0.7348649448186574, 0.7371995950346136, 0.7540816919373652]}