{"loss": [0.24508601006789085, 0.270383204277764, 0.28012086705774325], "auc": [0.6460060112513207, 0.6204548781127509, 0.6550941860754265]}