{"loss": [0.23227385632575503, 0.22756614926315488, 0.225085663417029, 0.2245839467597386, 0.22366068145585438, 0.22284083222112958, 0.22234023539792924, 0.2216285779362633, 0.22083673023042225, 0.22033594288523234, 0.21996186910167573, 0.22048027908045148, 0.21965293089548746, 0.22020732741507273, 0.21718985812058525], "auc": [0.6464274869398541, 0.6849353421875166, 0.6939801542335301, 0.7020669444353252, 0.6985833816742262, 0.7034108514477336, 0.7101331541130769, 0.7114284491561729, 0.7151698925283801, 0.7235281992895609, 0.7260070051139965, 0.7218705175371046, 0.7279630702793118, 0.7302872932488456, 0.7413670403399071]}