{"loss": [0.24329958034631533, 0.25287704061493915, 0.2646623237265481], "auc": [0.6479827564299844, 0.6325960424674978, 0.6549634480203671]}