{"loss": [0.22137749556531297, 0.22068898690507768, 0.21983367585121316], "auc": [0.7008820381796954, 0.7129790736173512, 0.7222702895686055]}