{"loss": [0.21604102373123169, 0.20613209962844847, 0.20656577825546266, 0.20384900093078615, 0.20307802081108092, 0.20199612855911256, 0.20222925066947936, 0.2010542070865631, 0.20255548536777496, 0.2025279450416565, 0.20142512857913972, 0.20028826832771301, 0.20059045135974884, 0.20105100214481353, 0.19953044414520263], "auc": [0.6505080728490252, 0.7133192066352604, 0.7190928098921994, 0.7008741004873682, 0.717891893496821, 0.7402349845064179, 0.7544331426130986, 0.7383830493149881, 0.7481457452545577, 0.7504395002718327, 0.7606675611671292, 0.7657536829503961, 0.7564725158119484, 0.7536340827478955, 0.7519641654994035]}