{"loss": [0.24313888490200042, 0.23484547853469848, 0.23286981880664825, 0.23261283040046693, 0.22844595670700074, 0.23054270088672638, 0.22821837306022644, 0.22873156368732453, 0.22624027967453003, 0.2248901778459549, 0.22425097823143006, 0.22431707203388215, 0.2228215628862381, 0.22326093256473542, 0.22132642030715943], "auc": [0.6306701019016073, 0.6185308615759454, 0.6518277967079465, 0.6597184308694736, 0.6681405062015403, 0.6737213452210449, 0.6677856596437644, 0.6670585424072937, 0.6882626942846476, 0.6818286263231104, 0.7236171436893438, 0.6953957472537405, 0.710000998472388, 0.6902146625840705, 0.723760504787611]}