{"loss": [0.24164335327780145, 0.2557034835728825, 0.26873935784539604], "auc": [0.6521091617529317, 0.6186580924168584, 0.64422209004982]}