{"loss": [0.24834644496440889, 0.2354041475057602, 0.23782670497894287, 0.23538946986198425, 0.23327219128608703, 0.2325919723510742], "auc": [0.6005526871876639, 0.6380361794881254, 0.6253446393083267, 0.6675492435443063, 0.6540350753203819, 0.6859531738936708]}