{"loss": [0.24586129118489403, 0.27337000811966056, 0.28056755611020273], "auc": [0.6495924840898254, 0.6222579053778835, 0.6570290849279375]}