{"loss": [0.23439910247236115, 0.23240130179596746, 0.23514220960220034, 0.23592852479992552, 0.22997215433848953, 0.23775931600496858, 0.2341975458745677, 0.24219510526587273, 0.25004742684224657, 0.2602341071581741, 0.26945532384527277, 0.2584251844982722, 0.25937578605807476, 0.2616614742383797, 0.26323793304764576], "auc": [0.6629306634026481, 0.6696220465943317, 0.658481416328328, 0.6582840044619371, 0.6761274243443791, 0.663360166576753, 0.6844279286505632, 0.6735969642714267, 0.6571787688118771, 0.6612823591384598, 0.649889956773327, 0.6525376655837453, 0.6537995896503908, 0.6533772190496236, 0.6531893792195269]}