{"loss": [0.23042266283289017, 0.2313661211764956, 0.23480618514689097, 0.23330470752045812, 0.22796425145553298, 0.22841979135351487, 0.2389554845161706, 0.24222515696981345, 0.2488800654090552, 0.2592544850096645, 0.26558758979700653, 0.24653672014015265, 0.26617039225427025, 0.29077863729143716, 0.30790559106682197], "auc": [0.6424591274815358, 0.6677150784995849, 0.6724455821788063, 0.6723574933507839, 0.688408874713038, 0.6877002466823764, 0.6909700299747165, 0.6814076286563107, 0.6786845530164579, 0.6745459323138332, 0.6645438781849146, 0.6821487371083953, 0.6729088896987829, 0.6671390161403576, 0.6576428668558995]}