{"loss": [0.21635818719863892, 0.20629004180431365, 0.20516046941280364, 0.20263007164001465, 0.20111855685710908, 0.20179762899875642, 0.2008994996547699, 0.20165061295032502, 0.20193412244319917, 0.20099048554897309, 0.1997465217113495, 0.19983501195907594, 0.19841807901859285, 0.2017754000425339, 0.2015155851840973], "auc": [0.6606000957363762, 0.7111777609853834, 0.7232668750030965, 0.7376355419371537, 0.741957871582038, 0.757676128259956, 0.7553988889354755, 0.7499473845947725, 0.740618351867123, 0.7437789427487027, 0.7478186420614786, 0.7608389140769615, 0.7545146160837735, 0.7482558554744101, 0.7463282416723991]}