{"loss": [0.23064396901333586, 0.22907896257461385, 0.23163936312528366, 0.23425108948920637, 0.23549424140377248, 0.24452775244383101, 0.23741325441193073, 0.2549429936611906, 0.26461899160070623, 0.27739877700805665, 0.29236144772235384, 0.28315306508794746, 0.28398237247416314, 0.2876288154023759, 0.29130949238513376], "auc": [0.6511244075962872, 0.6766127329486993, 0.6782731192342916, 0.6752461046528603, 0.6768793194264313, 0.6770328316786383, 0.6882610248024215, 0.6815404626432972, 0.6733522665675107, 0.6728798285274113, 0.668236463579401, 0.6720273112419354, 0.6689615440986211, 0.6676439809513007, 0.6658883043668998]}