{"loss": [0.2387447887659073, 0.20448272228240966, 0.20301598072052002, 0.20366937577724456], "auc": [0.6542622595587583, 0.7141069651781431, 0.7208148481160126, 0.7123615503094634]}