{"loss": [0.246268162678959, 0.27054448081896854, 0.2846560560994678], "auc": [0.651039680979724, 0.6224330168706628, 0.6598219004944738]}