{"loss": [0.23314158558606143, 0.23075211254588093, 0.23278378363115243, 0.23858621052230697, 0.2263516323513774, 0.2336519058329992, 0.2295259817177991, 0.23216112188426366, 0.24341373525589824, 0.25468168907376176, 0.26472156587614115, 0.2441775587548214, 0.2571018208341905, 0.26078688042111187, 0.2622693739083397], "auc": [0.644903527283211, 0.6751977171301548, 0.6617017179622162, 0.6459161308923435, 0.6932618542482321, 0.6776387596149209, 0.7003016105079721, 0.6876454561681702, 0.6776367680578275, 0.6755759460447608, 0.6673076630879614, 0.6686090739901381, 0.6689238877585143, 0.6634123687080639, 0.6614689649849664]}