{"loss": [0.23804270446300507, 0.2301487010717392, 0.22660244524478912, 0.22492027521133423, 0.22635598301887513, 0.22341390192508698, 0.22166699290275574, 0.22090384721755982, 0.22266698837280274, 0.22058988451957703, 0.22163150131702422, 0.21972610533237458, 0.22139716863632203, 0.2207666289806366, 0.21516718208789826], "auc": [0.5653073026553819, 0.643330381211208, 0.6476034836980552, 0.6844576301608254, 0.680091967089722, 0.677493061055316, 0.6937106917833413, 0.6995445988035232, 0.6986032135926071, 0.7020865501775939, 0.7059998303595948, 0.703403631550543, 0.7168701561170483, 0.7058913582997726, 0.6937710332379612]}