{"loss": [0.2451513018618282, 0.2668952426721907, 0.2823853570426631], "auc": [0.6492379154730387, 0.6207247053747691, 0.6492991167727208]}