{"loss": [0.2214083240692874, 0.22019135452298275, 0.21614990715520926], "auc": [0.7089724314642083, 0.7220395728866897, 0.7326668999952629]}