{"loss": [0.26167018877135384], "auc": [0.6040441073585509]}