{"loss": [0.23985756874084474, 0.2285258376598358, 0.23053544163703918, 0.2279211562871933, 0.22685622572898864, 0.226441410779953, 0.22585075736045837, 0.22586166501045227, 0.2248976868391037, 0.2245320898294449, 0.22311170160770416, 0.22273733258247375, 0.22179983615875243, 0.2223838096857071, 0.22329272747039794], "auc": [0.5836648077413698, 0.6266774507237713, 0.6105279016450716, 0.6232832372042739, 0.6164885985422649, 0.6179062023706864, 0.6357662924592142, 0.6360317955057464, 0.6405530904051774, 0.6535160934025052, 0.6604015059662005, 0.6705167362142411, 0.6764475048873694, 0.681277619895972, 0.6900892063092671]}