{"loss": [0.24633899350196886, 0.27314993115062386, 0.2835419324473438], "auc": [0.6414056978374091, 0.6000132208253286, 0.6589449973564991]}