{"loss": [0.23092107766486228, 0.22868126700533198, 0.2344419814170675, 0.23305315210464153, 0.23174154593589458, 0.23386061229604355, 0.23733868681369943, 0.23951581012695394, 0.2451513701296867, 0.2553715933827644, 0.26273672910446816, 0.2429325155755307, 0.2629269161122911, 0.28047694849207044, 0.307033323861183], "auc": [0.6403451484419193, 0.6618915715176011, 0.670564326642703, 0.6697366155651145, 0.6817811779456371, 0.6815601270595868, 0.6847322834075577, 0.6854711505683057, 0.6797550326128345, 0.678102095443361, 0.6690737593542699, 0.6764232820443302, 0.6770999478944522, 0.6725955859853923, 0.6600291194807839]}