{"loss": [0.25557168424129484, 0.22724173009395598, 0.22389545619487763, 0.22433129966259002], "auc": [0.5841367120501173, 0.6147142982866408, 0.6303766336249979, 0.6320363730224693]}