{"loss": [0.23541808094065558, 0.23210981347944945, 0.2364780414366323, 0.23647491312800092, 0.23650643079849468, 0.24957179973314997, 0.23919088337336625, 0.2609235718846321, 0.26463613319347096, 0.2791018716086902, 0.2980293115936064, 0.2876646076036796, 0.28842118126827304, 0.29281931386083737, 0.29650325936004207], "auc": [0.651464981416077, 0.6754773779342821, 0.6705084633092206, 0.6664935402847975, 0.6757079852849817, 0.6615012289165628, 0.694288469732102, 0.666940609996246, 0.6668745214846887, 0.6649839395122055, 0.6591082194135606, 0.6588492768802813, 0.6607112783515877, 0.6571276680555483, 0.6550294563605952]}