{"loss": [0.24967665791511537, 0.23694098114967346, 0.23796883940696717, 0.235412420630455, 0.23329831779003143, 0.2305615520477295, 0.23081005096435547, 0.230562441945076, 0.2275940603017807, 0.23066779017448424, 0.2276979023218155, 0.226218279004097, 0.2263905417919159, 0.22637844920158387, 0.22680506885051727], "auc": [0.6453236344329205, 0.6349200057402912, 0.6618530804896547, 0.6679739040485195, 0.6706053290928699, 0.6486089627478431, 0.6623225752567762, 0.6473717489900532, 0.6803279092785762, 0.6610196229219446, 0.6750375859051326, 0.6994595286741633, 0.6798160185455651, 0.6728839968058223, 0.6730000505016215]}