{"loss": [0.23523853123188018, 0.22729601025581359, 0.23015304207801818, 0.22658793687820433, 0.22697578489780426, 0.22844647765159606, 0.2271582615375519, 0.22517882525920868, 0.22720983803272246, 0.2247760397195816, 0.2254479283094406, 0.2224622654914856, 0.22144583404064178, 0.22457057893276214, 0.22155952513217925], "auc": [0.5894913905137493, 0.63784212924298, 0.6002175076246042, 0.6556852837681454, 0.6502212001294464, 0.6075106079697974, 0.6416958699197194, 0.6478704974561214, 0.6144664685749069, 0.6569161935997477, 0.6572376828822015, 0.6726562538338847, 0.6904120758371685, 0.6661516834691049, 0.7049318445156186]}