{"loss": [0.22787166730715677, 0.22134372604708386], "auc": [0.6931543861645243, 0.7236584039581494]}