{"loss": [0.2442503326341637, 0.2723710568160073, 0.28142709660733867], "auc": [0.6497728998806177, 0.6230762492109495, 0.6598829796040508]}