{"loss": [0.21322357272490478, 0.21243458495944992, 0.20799724897767743], "auc": [0.7610586668839275, 0.7660467990774618, 0.7873611010711353]}