{"loss": [0.21887271442311876, 0.21750474565840783, 0.21535952398751645], "auc": [0.7208238472996494, 0.7276406844908496, 0.7399420663555396]}