{"loss": [0.2443156772851944, 0.23390510857105254, 0.2318338233232498, 0.22752203047275543, 0.22564980804920196, 0.22670454025268555, 0.22449553787708282, 0.22161613404750824, 0.22164667189121245, 0.22088474690914153, 0.22038770735263824, 0.22036096096038818, 0.2199309754371643, 0.21954940676689147, 0.2175715035200119], "auc": [0.6113491218581956, 0.6548689062274019, 0.6611879349076947, 0.6972665226179099, 0.6949762249973408, 0.6890204058181653, 0.6944974455409868, 0.7052620206624668, 0.7001988611161425, 0.710289990142806, 0.7246476472252145, 0.7136870199779444, 0.7232192700566498, 0.7219398538435782, 0.7497371653681159]}