{"loss": [0.2377111917734146, 0.22962609589099883, 0.22567578613758088, 0.22514198780059813, 0.2239092117547989, 0.22534606516361236, 0.2247789055109024, 0.22158986628055571, 0.2225331598520279, 0.22258929491043092, 0.223274427652359, 0.22017822682857513, 0.2235335224866867, 0.22248846530914307, 0.22229419231414796], "auc": [0.5949518679748145, 0.6020802236696509, 0.6452263235849962, 0.671673025496385, 0.6565381953955038, 0.6760404191307925, 0.6775426203483627, 0.6784333630182918, 0.6859205372299322, 0.6954335157951886, 0.6668039509325502, 0.7052135680131669, 0.7034446454496641, 0.6871531687762232, 0.707574370835561]}