{"loss": [0.22539961442770248, 0.22057210908357397, 0.2193536857763926], "auc": [0.6869925557409455, 0.7078180877608893, 0.7174726927589081]}