{"loss": [0.2245905321632695, 0.2214418800595479, 0.22308063386087743, 0.2212306264246631, 0.22196897622357067, 0.23171301345285186, 0.2233988953451825, 0.24048347287198418, 0.24890926378404993], "auc": [0.6994920304478014, 0.7245051730327066, 0.7290381835382264, 0.7395782590732167, 0.7360775558602578, 0.7302006609794, 0.7510423877618914, 0.7375206473009505, 0.734840377620408]}