{"loss": [0.22563271671533586, 0.21289615392684935, 0.21152483880519868, 0.2128813961148262, 0.2100941014289856, 0.20816746830940247, 0.20955768644809722, 0.2100050190091133, 0.20855112850666047, 0.20967389941215514, 0.2115178582072258, 0.20745118141174315, 0.21148084580898285, 0.21040738373994827, 0.21126958340406418], "auc": [0.6317279000694592, 0.6684893906845926, 0.6691628103193911, 0.6725597911248323, 0.6937856716238168, 0.6958742105630338, 0.6941358579361426, 0.7011685201261114, 0.6912069631855536, 0.6963675604097382, 0.6875688876790188, 0.7038637884371138, 0.7012356518926498, 0.7169357746194233, 0.7028719195222873]}