{"loss": [0.2518673938512802, 0.2252596628665924, 0.2264482146501541, 0.22819952607154848], "auc": [0.5803453287516721, 0.6251662558155073, 0.622640229008541, 0.6287387141722411]}