{"loss": [0.21383186995983125, 0.2068730115890503, 0.20284071266651155, 0.20545855462551116, 0.2022026401758194, 0.2043864446878433, 0.20192446887493135, 0.20206265449523925, 0.20335346400737764, 0.20274703621864318, 0.2022782075405121, 0.20081699669361114, 0.20191532969474793, 0.20247558176517486, 0.20246522963047028], "auc": [0.6578032536734079, 0.6952401379418218, 0.7349531474808406, 0.7204881217492896, 0.7412758880503939, 0.7408836347139597, 0.7500973152499342, 0.7483053528981717, 0.7400756478285666, 0.7489482574821315, 0.7483708719287233, 0.7449506524666838, 0.7415590250623757, 0.7457435186715745, 0.7398957211349926]}