{"loss": [0.21885425928222688, 0.21367787838724145, 0.21045395422773241], "auc": [0.6777058005808482, 0.7204824094573605, 0.7195016880600008]}