{"loss": [0.22373043237224458, 0.21983987707940358, 0.21871442099412283, 0.21951153590565636, 0.21963180861775838, 0.2197250865754627, 0.2186138483266982, 0.21806437415736063, 0.21862318757034482, 0.21713229375226156, 0.21600074829563262, 0.2159519966632601, 0.21548248519973148, 0.21542461996986753, 0.2134455470811753], "auc": [0.6481242050584445, 0.6892209722538073, 0.6922090051140262, 0.6812056971436857, 0.6867423735032936, 0.6771896994560093, 0.6828701383680919, 0.6958094485287044, 0.6979793096405121, 0.704732205358722, 0.7120965021656759, 0.7134293222090103, 0.7161990276940566, 0.7182328138975248, 0.7262659338232412]}