{"loss": [0.22082942667439942, 0.2159824854717022, 0.21740562484667794, 0.21887246905485305, 0.2203644164497169, 0.22820019244965983, 0.2279448845173891, 0.24194903976124962, 0.2514736912463133, 0.26045751408105944, 0.26830558599222726, 0.2624125980158768, 0.2621827160076397, 0.2645414627452449, 0.2657167727763696], "auc": [0.6344093146167837, 0.656159182454248, 0.6642749362803201, 0.6828662978857387, 0.6797607044321732, 0.675259013347899, 0.6826403400404845, 0.6688459274051204, 0.663237950392521, 0.6607159899145606, 0.6572235146259852, 0.6641167575670365, 0.6638198768696743, 0.6556792325348604, 0.6547962503384277]}