{"loss": [0.22751691311597824, 0.2194736495614052, 0.2170818766951561, 0.21533103168010712, 0.21355796992778778, 0.21177011460065842, 0.21013433426618577, 0.21234892100095748, 0.20938536167144775, 0.21074700206518174, 0.20642828345298767, 0.2077924156188965, 0.20745529890060424, 0.2076549220085144, 0.2072692784667015], "auc": [0.6184621377105178, 0.6468395186394517, 0.6340808439351463, 0.6462103663688337, 0.6600292826706534, 0.6680848561340138, 0.6807428284671626, 0.661689090743003, 0.6730263495249744, 0.6675449078081084, 0.6863233743407853, 0.6912876998467373, 0.6993435907391329, 0.7025824498729349, 0.6910351561384519]}