{"loss": [0.23329437106847764, 0.22653490513563157, 0.2234367373585701, 0.22116422295570373, 0.2222354581952095, 0.22194932609796525, 0.22041924983263017, 0.21965809732675554, 0.22014199823141098, 0.22074156612157822, 0.2213714450597763, 0.2236905014514923, 0.22503639489412308, 0.225417660176754, 0.22903841286897658], "auc": [0.6418388881648512, 0.6795954772348106, 0.6937844474564397, 0.7036911367334111, 0.6986813670923303, 0.7171016657960477, 0.7262742354558503, 0.73564348635566, 0.735879271646624, 0.7457094071321074, 0.7493605222856992, 0.7396059362508876, 0.7462117876663279, 0.7582478819843763, 0.7577952359243573]}