{"loss": [0.24657824724657923, 0.27548888612252015, 0.2844817181173553], "auc": [0.6499151260808755, 0.6145775651174769, 0.6581888373869994]}