{"loss": [0.22780761003494263, 0.22095661193132402, 0.21981982737779618, 0.22067807078361512, 0.2201389589905739, 0.21958242893218993, 0.2204421266913414, 0.2203335353732109, 0.2226287990808487, 0.22177335411310195, 0.22344470143318176, 0.22573605477809905, 0.22614802032709122, 0.22852148950099946, 0.23533169627189637], "auc": [0.6548503198937461, 0.6514593032130034, 0.6789907749025242, 0.6856868019990454, 0.691299129923635, 0.6864018283858847, 0.6975673831987182, 0.7037064657972424, 0.7075210711407346, 0.7236530994851301, 0.7216883007679062, 0.7245223817396649, 0.7171667280477017, 0.7181812171289088, 0.7203906258068755]}