{"loss": [0.23244494080543518, 0.2256757625937462, 0.22318746864795685, 0.22178595393896103, 0.22256026089191436, 0.2204478082060814, 0.2207008996605873, 0.21901334941387177, 0.21889899760484696, 0.2184416788816452, 0.2191382709145546, 0.22306832164525986, 0.2225701877474785, 0.22541098147630692, 0.22748418122529984], "auc": [0.6531239707509671, 0.7000982294432089, 0.7103055521002516, 0.7202283229624005, 0.7212430607685182, 0.7204084443733356, 0.7367420336053969, 0.7409562545989565, 0.7614789191552233, 0.7577167626454504, 0.7641554490351914, 0.7532977772764871, 0.7695006211987309, 0.7485474156084103, 0.7614092689289393]}