{"loss": [0.23076134801857054, 0.22506331900755563, 0.22401838572252364, 0.22299475565789237, 0.22301048466137477, 0.2215952201495095, 0.22152405669764866, 0.22108782118275053, 0.21998063652288347, 0.21944544405218155, 0.21896137675595662, 0.21913497410123312, 0.21911895558947608, 0.21906920368709262, 0.21619099402238454], "auc": [0.6566246223336989, 0.7000048214811941, 0.7005344529347611, 0.7021899965142068, 0.7036034330480874, 0.7133708719963622, 0.7204354646577207, 0.722656451242485, 0.7239619468075398, 0.7360081787255428, 0.7377298593976155, 0.741043592745557, 0.7383761942516968, 0.7376565381800225, 0.7479367522665679]}