{"loss": [0.22691307890982854, 0.22332224770197792, 0.2229285632807111, 0.22240382905990358, 0.22243308406027537, 0.22122023739512003, 0.22077832524738614, 0.21999287605285645, 0.21929785065234653, 0.21877089166452016, 0.21751943088713147, 0.21724351980383433, 0.21679541113830747, 0.21630593377446372, 0.21455804459632388], "auc": [0.6498700787840355, 0.6847515571710338, 0.6975499514759762, 0.698038833781074, 0.6978791874590137, 0.707182893458157, 0.7089195226224593, 0.7117802113619376, 0.7167297922885301, 0.7236442350107279, 0.7215055697319155, 0.7263572003837399, 0.726373575432725, 0.7265392371476896, 0.739010995523902]}