{"loss": [0.21032799945937264, 0.20979223209313858, 0.20343626386080033], "auc": [0.778262426003786, 0.7797927682748094, 0.7995098123229378]}