{"loss": [0.24722218768209472, 0.27423304211125415, 0.28070480529314434], "auc": [0.6370692171884262, 0.6186909364322165, 0.6569533815852523]}