{"loss": [0.24718334589503768, 0.2708321809131875, 0.28424023187313324], "auc": [0.6440850760569624, 0.6236166685917693, 0.6431514616347044]}