{"loss": [0.2250586939709527, 0.22126162974607377, 0.22098924337871492, 0.22092414115156447, 0.2203545712289356, 0.22044025527106392, 0.21985381865312184, 0.21940324845768155, 0.21926744495119369, 0.2187832153978802, 0.21777212667086768, 0.21741454350569892, 0.21704887728842479, 0.21715865579862442, 0.21546162901416657], "auc": [0.6433565651782533, 0.6724632112729715, 0.6774566403619119, 0.6752561801951636, 0.6822921203295464, 0.6787292761210535, 0.6737624833149459, 0.6856945953800777, 0.6944558536001685, 0.6965366954486363, 0.6942388121889039, 0.6944863890221714, 0.7015218783947533, 0.703168261993587, 0.7129422775972019]}