{"loss": [0.24100401080571687, 0.25250827285469085, 0.26787597736996466], "auc": [0.6493393300894398, 0.6326476672619995, 0.6444572166573811]}