{"loss": [0.22130849057055535, 0.22172436739536042, 0.21927610039710999], "auc": [0.7005510603870935, 0.7134583766037165, 0.723957345450646]}