{"loss": [0.22657206892967224, 0.2228670212626457, 0.22229464560747147, 0.22283410668373108, 0.2197968527674675, 0.21998882353305815, 0.21843500375747682, 0.21915316760540007, 0.21793187618255616, 0.21936118185520173, 0.2203571093082428, 0.21860139340162277, 0.22180133879184724, 0.221533462703228, 0.2239741015434265], "auc": [0.6898841673793706, 0.7104085366090865, 0.7228258930740961, 0.7224055811474396, 0.7357505482468734, 0.7280840572359047, 0.7365830510213238, 0.7374085872800952, 0.7401332828434648, 0.7156483080971227, 0.6969070518117486, 0.7212116683241216, 0.7102754069359168, 0.7121493402584156, 0.7194503539728311]}