{"loss": [0.22490043224941972, 0.22192365032994849, 0.2267686360412174, 0.23315134472571886, 0.21893851229777703, 0.23195158339973188, 0.2270463258664832, 0.22119793302228308, 0.22934844548630917, 0.24088217050601274, 0.24837168299744272, 0.23242004833415023, 0.23997759494261864, 0.24167284343996617, 0.2428971821298966], "auc": [0.6930014040371674, 0.7281399371286107, 0.7202541039363327, 0.7045799701361128, 0.7401660241356737, 0.7029378496824891, 0.7440378128570122, 0.7289878695704102, 0.7206176436116204, 0.7322448595654508, 0.7196715485472441, 0.7197202989792415, 0.7202315110537498, 0.7180313463129746, 0.7165201712024302]}