{"loss": [0.23594601452350616, 0.22794596135616302, 0.22650055944919587, 0.2256900542974472, 0.22472394824028016, 0.22401048719882966, 0.22264921367168428, 0.22284446835517882, 0.2244965487718582, 0.2253246784210205, 0.22279557168483735, 0.22435799300670622, 0.22387978315353393, 0.22314037322998048, 0.22776439487934114], "auc": [0.6003490536830195, 0.6317984408910902, 0.6659777202557626, 0.6610612469352066, 0.6815305542854144, 0.6706278488485018, 0.6931805078960864, 0.7072317457945764, 0.6960985592660189, 0.698848127980697, 0.7029995491646103, 0.6996882494661174, 0.7048579530467448, 0.7252211887147362, 0.6955080155438584]}