{"loss": [0.267343966960907, 0.23516138136386872, 0.2304243916273117, 0.228928382396698, 0.22936011075973511, 0.23048455476760865, 0.2313901489973068, 0.23087382495403289, 0.2334841823577881, 0.23525261640548706, 0.23797043800354004, 0.24352223694324493, 0.2467016327381134, 0.2526996940374374, 0.25691891193389893], "auc": [0.6436386537140735, 0.6886946503848039, 0.6907871343007234, 0.7052253750988879, 0.7118563354995684, 0.7173756958380234, 0.7152471177526748, 0.7266120310033606, 0.7230155781423736, 0.7244819732598375, 0.7199626847081151, 0.7153728200536095, 0.7135084101387968, 0.7065392040304146, 0.7061768829466748]}