{"loss": [0.24470866441726685, 0.23460205852985383, 0.22996311485767365, 0.22633324265480043, 0.22573192954063415, 0.224658243060112, 0.2228669637441635, 0.22276337802410126, 0.2226127415895462, 0.22015345454216004, 0.21840804934501648, 0.22004544377326965, 0.21834556996822357, 0.21812431871891022, 0.2197858625650406], "auc": [0.6180063841005912, 0.6338901119229944, 0.6622581323486165, 0.6791892928224673, 0.7014435370932813, 0.7002021586606222, 0.7044344175764276, 0.7062225451346198, 0.7230525828577519, 0.7196594151480632, 0.7410334304356482, 0.7402917443781852, 0.753118784421752, 0.7398448345892336, 0.753111273816346]}