{"loss": [0.22770884782075881, 0.22459082871675493, 0.22340019911527634, 0.225636705160141, 0.22298452526330947, 0.22564828872680665, 0.22490161031484604, 0.22410305678844453, 0.22299147367477418, 0.22374480128288268, 0.22374717265367508, 0.22178188174962998, 0.22357233762741088, 0.22335739195346832, 0.22139245212078096], "auc": [0.6436323171137216, 0.591560773978253, 0.6268885277241832, 0.5856726078757502, 0.6175883329931554, 0.5860107052004543, 0.6050997895498926, 0.608957292375683, 0.6129849380916954, 0.6253048281150899, 0.5992963589240926, 0.6272634152638158, 0.6087497989599137, 0.6090696188086159, 0.6159042109842878]}