{"loss": [0.22157210255243692, 0.21966739983324066, 0.21560716745724162], "auc": [0.7100861600475293, 0.7217592951191464, 0.7324075075954519]}