{"loss": [0.22106978417711054, 0.2213870752999123, 0.21933295917003712], "auc": [0.7007833612465936, 0.7129668277245205, 0.7224077846317006]}