{"loss": [0.22787166730715677, 0.22134372604708386, 0.22601738578488684, 0.22768358478688785, 0.21881875962528408, 0.22531656831757635, 0.2236893303756021, 0.22557979389133617, 0.2299049895288598, 0.24301849808703122, 0.25177642677584267, 0.2312247273631585, 0.2378433206015163, 0.24150018903434786, 0.24362936100134483], "auc": [0.6931543861645243, 0.7236584039581494, 0.7315910202323775, 0.7322344243215135, 0.7380167860404291, 0.736771445073467, 0.7540395095691554, 0.7448283229086766, 0.7358448777270312, 0.7325013029417476, 0.7174165587672223, 0.7213446964829935, 0.7199518718561776, 0.719815184655928, 0.7184358228965857]}