{"loss": [0.25801044821739194, 0.2303752487897873, 0.22728515803813934, 0.228360555768013, 0.2340897172689438, 0.23740267992019654, 0.23895594835281372, 0.2404398477077484, 0.24788758277893067, 0.25044603943824767, 0.25313518702983856, 0.26188530266284943, 0.26132620990276334, 0.26725745618343355, 0.27261503398418424], "auc": [0.6709261005230346, 0.7076089332597363, 0.7158496057019668, 0.7020988870332163, 0.7158744338690063, 0.7272083166216209, 0.7296711174628286, 0.7366009782714219, 0.7269012515442099, 0.7273152078216804, 0.7324774886211636, 0.732786363942035, 0.7452646702930489, 0.7377665048067253, 0.7307338056292529]}