{"loss": [0.23134680510835445, 0.23025395705344828, 0.23295414980421675, 0.23923980993159275, 0.22879488747170632, 0.23913089094009804, 0.23601727067156042, 0.23237978549713784, 0.2458759919760075, 0.2517555734578599, 0.267767274316321, 0.24726206152997118, 0.2554692585417565, 0.2572303100469265, 0.25936071834665664], "auc": [0.6611667364848591, 0.672518402415206, 0.6703043155564075, 0.653014232106519, 0.6816451919296487, 0.6350749550719605, 0.6957041015903173, 0.6641226162460827, 0.6850459842918905, 0.6814063653044852, 0.6673160078133495, 0.6651190344964658, 0.6655853525235573, 0.6609134983110676, 0.6595117051342059]}