{"loss": [0.24576998852257037, 0.27461268224267876, 0.28267524162164104], "auc": [0.6443651888878861, 0.6089124995261421, 0.6583299073630956]}