{"loss": [0.2399129670858383, 0.22953198432922364, 0.22708260357379914, 0.22913924396038055, 0.2272341638803482, 0.22548256695270538, 0.22567689239978792, 0.22442578196525573, 0.2220960247516632, 0.22131174206733703, 0.22241628527641297, 0.22456453919410704, 0.2203506624698639, 0.22051133394241332, 0.22140303254127502], "auc": [0.5785105331428052, 0.6467689558618683, 0.6661063815600078, 0.6699784983205413, 0.6531360785709188, 0.670232470016098, 0.6591219437675595, 0.6660241829308049, 0.6822064480382266, 0.6743162780857899, 0.6931035160684473, 0.6734564522361836, 0.6868440359926571, 0.7099826165132413, 0.6773663827958625]}