{"loss": [0.22036312993556734, 0.21800918711556327, 0.21731061902311113, 0.21694704653724792, 0.2163265555623978, 0.21722214515247043, 0.21637192273896838, 0.21546095396791184, 0.2148498793443044, 0.2148493119175472, 0.21415003873999156, 0.21249000846393526, 0.21284570225647517, 0.21256495137063283, 0.21099380794025602], "auc": [0.6997060118321718, 0.7186759960625917, 0.7160846764678025, 0.6993316223473761, 0.7055285924746922, 0.7056439698499528, 0.7114892450775309, 0.7108866225009045, 0.7144679061059915, 0.7131467922999, 0.7181680984177149, 0.720762168189405, 0.7141650873593726, 0.7183475435211985, 0.7223873398979623]}