{"loss": [0.20970247278356144, 0.210150674622283, 0.2033536583185196], "auc": [0.781902059227884, 0.7782781722668559, 0.7995549585186753]}