{"loss": [0.22616676717996598, 0.21575814187526704, 0.21459747105836868, 0.2141768142580986, 0.21187774777412416, 0.21251578271389007, 0.21257213324308397, 0.21293101847171783, 0.2100811457633972, 0.20819237530231477, 0.20902336090803147, 0.2105531334877014, 0.20759997338056566, 0.20863473385572434, 0.20687973231077195], "auc": [0.6492132060442277, 0.6575914875559499, 0.6729542041835491, 0.6682783785573303, 0.6756471935935885, 0.6663652307990998, 0.6703220490452662, 0.6705492282844308, 0.6793761129439004, 0.6946965085547848, 0.689318858264407, 0.6691158635668267, 0.6904905348168238, 0.693218278236662, 0.7141420611731372]}