{"loss": [0.24425228714942931, 0.213555848300457, 0.2130147072672844, 0.21661385625600815], "auc": [0.6413452974002641, 0.6815971346585933, 0.6755799851584189, 0.6706917853521099]}