{"loss": [0.24690988239569542, 0.2734854053865131, 0.28223888251261836], "auc": [0.6452077936364997, 0.6084777665808578, 0.654590309166104]}