{"loss": [0.21820663472181534, 0.21334707965742009, 0.21042594530028427], "auc": [0.6750217992576159, 0.7130419633716668, 0.7128024765736856]}