{"loss": [0.2173327213525772, 0.2081897383928299, 0.20672327578067778, 0.20341138660907745, 0.20201655268669128, 0.20205277681350708, 0.20028229176998139, 0.20008591532707215, 0.19993609249591826, 0.1991578471660614, 0.19972581923007965, 0.19959811210632325, 0.1981748163700104, 0.1996540319919586, 0.19649070322513582], "auc": [0.6582471004839289, 0.6923045475596602, 0.6822056724611252, 0.7384088367094942, 0.7618477506776546, 0.7498842407010783, 0.7560368545111847, 0.7484859814140833, 0.7586816522547998, 0.7588629896688963, 0.7619440661063289, 0.7659027255888426, 0.7771066206312854, 0.7654163543111978, 0.7777226879792585]}