{"loss": [0.34833156016834993, 0.30259463269459574, 0.30375070791495473, 0.33396061130783017, 0.3315778223046085, 0.37723124079536974, 0.36071040128406723, 0.3901189983936778, 0.39609898705231517, 0.3888289165078548, 0.3859576901845765, 0.3850877828765334, 0.38642552338148417, 0.38741350487658854, 0.3874567862142596], "auc": [0.5354601975131269, 0.5656065296972428, 0.5701118253739214, 0.5589088921549912, 0.5536714010837807, 0.5446874548635993, 0.5623044162680875, 0.5522372686573929, 0.5602011623762049, 0.559882442342014, 0.5608641586499352, 0.562686411976245, 0.5610453202327772, 0.5617360571750495, 0.5619646567028524]}