{"loss": [0.2290369910363373, 0.22406403717261478, 0.22380843817813625], "auc": [0.6856178599836124, 0.7133636424693525, 0.7182885953422807]}