{"loss": [0.2531615751981735, 0.22453923761844635, 0.22149413585662842, 0.220396968126297], "auc": [0.6170909127931451, 0.6681045765648389, 0.6839220214145878, 0.6979377478358877]}