{"loss": [0.2457422223738116, 0.26877456897089624, 0.280882741842005], "auc": [0.644554523443618, 0.6080521985245435, 0.6602672285740443]}