{"loss": [0.23923724472522737, 0.2283742380142212, 0.22912401974201202, 0.22654564321041107, 0.22615201652050018, 0.22450586080551146, 0.22633692502975464, 0.22251715421676635, 0.22362738847732544, 0.2217504346370697, 0.220373455286026, 0.22124512374401092, 0.21843387842178344, 0.21829787790775299, 0.2176617968082428], "auc": [0.6022650761586587, 0.6522583307519885, 0.6593403830269332, 0.6650252273078109, 0.6520416862828854, 0.6649773813514189, 0.6579931490910574, 0.6633155025886579, 0.6712048663187037, 0.6933219945250184, 0.6951578375057538, 0.6967507042586374, 0.7041449601505302, 0.6996207968132807, 0.7226817469944622]}