{"loss": [0.24320967718322054, 0.25336133618640083, 0.27097648414026976], "auc": [0.6518182232959623, 0.6377170715549247, 0.6557614944933395]}