{"loss": [0.24007528126239777, 0.22893227219581605, 0.22842875063419343, 0.22758460104465483, 0.22694174826145172, 0.22618140518665314, 0.22680745244026185, 0.22701229631900788, 0.2244917631149292, 0.22417123317718507, 0.22360633492469786, 0.22414592981338502, 0.22574083507061005, 0.22290446877479553, 0.22410221457481383], "auc": [0.5949306610532759, 0.6213960788953056, 0.6424956716518117, 0.6388065870020273, 0.6303814414687248, 0.6271095142621709, 0.6367421206671068, 0.6286084699120681, 0.656371535748711, 0.6517519826418354, 0.667349834097761, 0.6640352006581974, 0.656980810169561, 0.6694038826155162, 0.6806086061225003]}