{"loss": [0.24760887265205384, 0.21353134304285049, 0.21084679365158082, 0.2107662034034729], "auc": [0.6235487716039951, 0.6573471308029261, 0.6795113072222401, 0.6866382650668846]}