{"loss": [0.21364941364502016, 0.21044479264139634, 0.20745236448232562], "auc": [0.6932147241941101, 0.7254621390174207, 0.7316631276163521]}