{"loss": [0.23094712045598537, 0.22929022299482468, 0.2316293441868843, 0.23187261702532463, 0.23143431766236083, 0.2359800785145861, 0.24323640148690406, 0.25006099343299865, 0.2633585486957367, 0.27948739947156703, 0.297958020643985, 0.27303424696338935, 0.28645390766732237, 0.31770442353284106, 0.35925076061740835], "auc": [0.6432835260759987, 0.657193220244788, 0.6699537115425416, 0.6700964232592469, 0.6806659024319228, 0.6814447771372899, 0.6840207631843488, 0.6870843886033885, 0.6797972474830171, 0.6781566425723624, 0.6710029033003266, 0.677665148473439, 0.6765724061862223, 0.6655013585091545, 0.6548802783796641]}