{"loss": [0.23067931803953218, 0.23146011731232027, 0.23311036711476413, 0.23679891743334422, 0.23715124749036198, 0.24470875618687596, 0.2461358729794801, 0.266008904031721, 0.27080474988404046, 0.2830656803994772, 0.3043943571457901, 0.28597833177291726, 0.3003003299834738, 0.3231800459774144, 0.35448916316271784], "auc": [0.6410366110225474, 0.6625526675092209, 0.6677168977532425, 0.6669778363710315, 0.6784145940663593, 0.6777297883055874, 0.6776509692568827, 0.6679465882336765, 0.6697414688671596, 0.6700400567915354, 0.6541503279846669, 0.6721482174267277, 0.6705607867420936, 0.6580378500598731, 0.6524692924513454]}