{"loss": [0.2450197691209296, 0.2680853049342449, 0.2854853236140349], "auc": [0.6432562258523205, 0.6283226778698658, 0.6548320374009787]}