{"loss": [0.2244180214838085, 0.2213915032454026, 0.22127930227762613, 0.2210325771290013, 0.22291330865815154, 0.232292051307666, 0.22163949543849015, 0.23460238872684985, 0.24308985522669604], "auc": [0.6991892200884458, 0.7199902799770279, 0.7330143092705375, 0.7419841551367959, 0.7361587513402635, 0.728881283186516, 0.7552661060172011, 0.7447045548679088, 0.7377527426819721]}