{"loss": [0.24084673191492373, 0.2541123535006474, 0.26931555709268296], "auc": [0.654947694975044, 0.6346826799052565, 0.6507872247620271]}