{"loss": [0.22544420897960663, 0.21414414972066878, 0.21300032407045363, 0.21118839412927629, 0.21215677469968797, 0.21027434021234512, 0.21018946170806885, 0.2088170924782753, 0.2085493403673172, 0.2089660295844078, 0.20731983989477157, 0.2080238527059555, 0.20744488507509232, 0.20849982172250747, 0.20681616961956023], "auc": [0.657146307430029, 0.6564668445192058, 0.6748332338994701, 0.6755065686646553, 0.6800059868821666, 0.6845279192083105, 0.6945553835785552, 0.6962537165574878, 0.6990247890535944, 0.6989534470623595, 0.7102336948417283, 0.7058034637744792, 0.7013444903824204, 0.7050815176516056, 0.709825048530384]}