{"loss": [0.23696244597434998, 0.22698310434818267, 0.22407445788383484, 0.22402086079120637, 0.22394974052906036, 0.2223129540681839, 0.22342241525650025, 0.2201833987236023, 0.21943333446979524, 0.22100968182086944, 0.2220075386762619, 0.22004717886447905, 0.22023869395256043, 0.22083567023277284, 0.22377472400665283], "auc": [0.6006165775822481, 0.6292765004812426, 0.6667703208176972, 0.6750259874899002, 0.6724489610776059, 0.6765732814431759, 0.6938948339487754, 0.7014963037737689, 0.707537403089234, 0.7022765908998193, 0.6832656751311774, 0.69833711247011, 0.7194985310261348, 0.7054865074291803, 0.7047150605120623]}