{"loss": [0.2414567010779666, 0.2582928153057384, 0.27297641362389946], "auc": [0.6534397897378785, 0.6213556718264992, 0.6457855911772092]}