{"loss": [0.22730886340141296, 0.2182690578699112, 0.21805317670106888, 0.21528105437755585, 0.2162156394124031, 0.2135190796852112, 0.21257566422224045, 0.21636145949363708, 0.2106959566473961, 0.21382544040679932, 0.21340431451797484, 0.21189026832580565, 0.2110455033183098, 0.21174234747886658, 0.2107626959681511], "auc": [0.6441360913446296, 0.6413953971407584, 0.6169979330360426, 0.6594214663156492, 0.641071494275052, 0.656233972464589, 0.6543797535315294, 0.6562885481584892, 0.6726089215604705, 0.6694087493730196, 0.6345224426109023, 0.6499485848693546, 0.6695038556919208, 0.6504188204424495, 0.6361928578398598]}