{"loss": [0.24346573948860167, 0.23405497193336486, 0.2308794242143631, 0.2300368219614029, 0.22808885037899018, 0.22438304543495177, 0.2242991280555725, 0.22372675120830535, 0.2230339390039444, 0.22338749945163727, 0.22274264991283416, 0.22279691219329834, 0.22093134462833405, 0.22298821568489074, 0.22384010255336761], "auc": [0.6562590388607278, 0.6387696580686127, 0.6506167323973285, 0.6733070664688697, 0.6657272820894884, 0.6963875313443828, 0.6810005344340184, 0.6962077814117464, 0.7006072074210424, 0.7160805866643877, 0.705102841263447, 0.7092905799103711, 0.711354691966796, 0.7278712609695192, 0.7089083413838124]}