{"loss": [0.22450631105492258, 0.2236697494219511, 0.22316040582636482, 0.22458547818609792, 0.22121395317153034, 0.23153368319965836, 0.22407709259508002, 0.23618431637684503, 0.24918556398051417, 0.2570194956711215, 0.27022456358640623, 0.25939088945205396, 0.25791813757939214, 0.2621881882859092, 0.2660449549683139], "auc": [0.6952433175485219, 0.719757005225636, 0.7212495680434979, 0.7284809328263603, 0.7318443098065864, 0.725366605196304, 0.7511570333025469, 0.742615621329062, 0.7335551607531833, 0.7332308022941502, 0.7247777137677189, 0.7249398895072863, 0.7251085382897836, 0.7237955481071958, 0.721067426672148]}