{"loss": [0.21403022167774347, 0.2131769409419125, 0.20843048463774544], "auc": [0.7568204261675403, 0.7591588524281841, 0.7841912315984263]}