{"loss": [0.21421059731131273, 0.21016832400901683, 0.20802893022778618], "auc": [0.6933047594183368, 0.7265904680125383, 0.729985864420163]}