{"loss": [0.2371948790550232, 0.2284014755487442, 0.22763653218746185, 0.22664945244789123, 0.22659160315990448, 0.2261885541677475, 0.22564118802547456, 0.22419492304325103, 0.2236021202802658, 0.2251045274734497, 0.22190726399421692, 0.22387881100177764, 0.2217062556743622, 0.2239723801612854, 0.22599494874477385], "auc": [0.5967520714662847, 0.6179718537731347, 0.6203563185802816, 0.6668909923157487, 0.6659669698916093, 0.6652633891196397, 0.6763907106415254, 0.6719845139129781, 0.6735092039221071, 0.6686759455264062, 0.6859273832320697, 0.6951686715581425, 0.7120190124493461, 0.6992877389586842, 0.6971368136037324]}