{"loss": [0.2257821023082122, 0.22088082975301987, 0.22273469920087063, 0.22407999125301328, 0.22269791886847243, 0.2334774715396074, 0.22752672198236498, 0.24054538980763182, 0.25403321082265967, 0.2628533139697507, 0.2753498427506186, 0.2638219376532441, 0.26432744197101676, 0.268028188847069, 0.2715420568218598], "auc": [0.6959392383065748, 0.7242974012817405, 0.7323492960411079, 0.7323852565476764, 0.7379775463686504, 0.7214900488315958, 0.7478979127442348, 0.7336907049645517, 0.7307545112310563, 0.7401184142805763, 0.7343911446637335, 0.7318414037157558, 0.7298681682033294, 0.732706635365778, 0.7317859680688126]}