{"loss": [0.2383400998866022, 0.2302696854833362, 0.22754142814708725, 0.2262831962721251, 0.22517417288311545, 0.2247279428695458, 0.22408374579228477, 0.22433090883225393, 0.22270179021409542, 0.22203562592158227, 0.22257839341107477, 0.22244277433741527, 0.22008724006519073, 0.22003241020555925, 0.21902450009765667], "auc": [0.6242926698248349, 0.6447823513755502, 0.6598854818685628, 0.6751319152071005, 0.6827739933875389, 0.6826604515254104, 0.68744448274243, 0.6868686121054621, 0.7025194386480476, 0.6936598378924612, 0.6980860263301893, 0.7057471354006999, 0.7159452006471216, 0.7141179610010524, 0.7209789246470212]}