{"loss": [0.2279336442820198, 0.2243704395251793, 0.22256641781978528], "auc": [0.6823994358505855, 0.7091445915253674, 0.7216773747176829]}