{"loss": [0.26018896043300627, 0.23013028681278228, 0.22524714708328247, 0.22450581312179566], "auc": [0.6601013900050636, 0.708530088288268, 0.7316198161689702, 0.7329957563077066]}