{"loss": [0.22008007386374095, 0.21685316567383114, 0.21642438712574186, 0.21686190011955442, 0.21605224245124394, 0.2156725518760227, 0.21603210057531083, 0.2141793573659564, 0.21447106864717272, 0.2142330538185816, 0.213246428067722, 0.2120661520295673, 0.21156536799574654, 0.2110438051204833, 0.20949768215890915], "auc": [0.7027179157415039, 0.7240134025591876, 0.7221910396302692, 0.7102355934915606, 0.7111171801340251, 0.7089828072554706, 0.7153451141499116, 0.7205184204502658, 0.7177972789216099, 0.7175388560545083, 0.7174622974311694, 0.7237062761427797, 0.7185442143287456, 0.724625206722943, 0.7298756559054543]}