{"loss": [0.23434548318386078, 0.22913395881652832, 0.22771913051605225, 0.2248736524581909, 0.22451711297035218, 0.22434494495391846, 0.22171531796455382, 0.22374227464199067, 0.22260678350925445, 0.2226776361465454, 0.22093189477920533, 0.2216913366317749, 0.22053491830825805, 0.22041359782218933, 0.21792352616786956], "auc": [0.6081570000207598, 0.643408904833745, 0.6679491931067674, 0.6553277396046209, 0.668033653136255, 0.680074588405886, 0.6895588256671944, 0.7013067635016325, 0.6939305328910863, 0.6877406230770721, 0.699206845571215, 0.7010386576048458, 0.6959421871988112, 0.7076335133690974, 0.713424260389094]}