{"loss": [0.2464372834079286, 0.27377827102557206, 0.2810592449501029], "auc": [0.6472272281477915, 0.5955621521173879, 0.6530602796728863]}