{"loss": [0.23852632641792298, 0.2318312382698059, 0.226186802983284, 0.22526946544647217, 0.2256712180376053, 0.2257123851776123, 0.2256464433670044, 0.2253124225139618, 0.22324936211109161, 0.22069536209106444, 0.2213907754421234, 0.22322265446186065, 0.22199951231479645, 0.22225300073623658, 0.21991366505622864], "auc": [0.6007393799896034, 0.6188646897098915, 0.6514259581165696, 0.6678292215179387, 0.6615135916322761, 0.6648714644932775, 0.6745018557951262, 0.6761344411732846, 0.6781277239692806, 0.698439445370681, 0.7019895496274973, 0.6968727141846294, 0.6966040056719008, 0.6893575572571109, 0.7003303730524961]}