{"loss": [0.24609202280258521, 0.2767348750534221, 0.2779249797901537], "auc": [0.6383041196469642, 0.6059818430074962, 0.6614894939964352]}