{"loss": [0.24694745178915498, 0.2735832689536942, 0.2852941647044614], "auc": [0.6440442567123054, 0.6100275225935277, 0.6469623473076628]}