{"loss": [0.22386520475149155, 0.2166166228055954, 0.21589157313108445, 0.21443720042705536, 0.21331280559301377, 0.2108869382739067, 0.21165094703435897, 0.21149181842803955, 0.21128190249204637, 0.2099994745850563, 0.2108830815553665, 0.20794325858354568, 0.20915107399225236, 0.2086086764931679, 0.20885301053524016], "auc": [0.6090167310425834, 0.6341851932138193, 0.6475663817185072, 0.6748335805334985, 0.6713996370495184, 0.685415709284734, 0.671921398486028, 0.6705663426950424, 0.6791942603218801, 0.6811165651959618, 0.6760378182073115, 0.6833490697131158, 0.6896347232835984, 0.6869081826382624, 0.7016919118616999]}